"Number","Time (seconds)","Distance (meters)","Pace (seconds)","Watts","Cal/Hr","Stroke Rate","Heart Rate"
"1","3.5","15.0","118.6","210","1022","21","77"
"2","6.6","27.0","127.9","167","875","19","83"
"3","9.7","39.1","127.9","167","875","19","90"
"4","12.3","49.2","128.7","164","865","19","94"
"5","15.4","61.5","125.0","179","916","21","99"
"6","18.5","73.7","126.8","172","890","19","105"
"7","21.5","85.9","127.2","170","885","20","108"
"8","24.6","98.1","127.0","171","888","20","109"
"9","27.7","110.8","126.4","173","896","20","109"
"10","30.8","123.2","124.1","183","930","20","110"
"11","33.9","135.6","125.2","178","913","20","111"
"12","37.0","147.9","125.7","176","906","19","114"
"13","40.0","160.2","125.4","177","910","20","118"
"14","42.6","170.4","125.4","177","910","20","119"
"15","45.7","182.6","125.5","177","909","20","118"
"16","48.8","194.9","125.9","175","903","20","116"
"17","51.9","207.3","126.6","172","893","20","115"
"18","55.0","219.7","125.0","179","916","20","115"
"19","58.1","232.2","125.1","179","915","20","117"
"20","60.6","242.3","125.1","179","915","20","120"
"21","63.7","254.5","125.1","179","915","20","123"
"22","66.8","266.8","126.6","172","893","20","124"
"23","69.9","279.2","125.8","176","905","20","124"
"24","73.0","291.3","125.8","176","905","19","124"
"25","76.1","303.6","127.5","169","881","20","124"
"26","79.1","315.8","126.1","175","900","20","125"
"27","82.2","328.0","126.7","172","892","20","125"
"28","85.3","340.3","127.4","169","882","20","125"
"29","87.9","350.3","127.4","169","882","20","126"
"30","90.9","362.7","125.9","175","903","20","128"
"31","94.0","375.0","125.2","178","913","20","128"
"32","97.1","387.4","126.4","173","896","20","128"
"33","99.7","397.5","125.4","177","910","20","127"
"34","102.8","409.9","125.1","179","915","21","126"
"35","105.9","422.3","125.4","177","910","21","124"
"36","108.9","434.6","126.9","171","889","20","124"
"37","111.5","444.5","126.9","171","889","20","123"
"38","114.6","456.7","126.6","172","893","20","123"
"39","117.7","469.0","127.7","168","878","20","126"
"40","120.8","481.2","126.8","172","890","20","129"
"41","123.9","493.5","127.0","171","888","20","130"
"42","126.4","503.6","127.0","171","888","20","130"
"43","129.5","515.9","126.1","175","900","20","131"
"44","132.6","528.1","126.4","173","896","20","131"
"45","135.7","540.4","127.6","168","879","21","131"
"46","138.3","550.3","127.6","168","879","21","131"
"47","141.3","562.5","126.7","172","892","20","130"
"48","144.4","574.7","126.6","172","893","20","129"
"49","147.6","587.1","126.8","172","890","20","130"
"50","150.1","597.2","127.1","170","886","20","131"
"51","153.2","609.6","125.9","175","903","21","130"
"52","156.3","622.0","125.9","175","903","21","128"
"53","159.4","634.2","127.8","168","877","20","126"
"54","162.5","646.3","128.8","164","863","20","126"
"55","165.1","656.1","128.8","164","863","20","126"
"56","168.2","668.3","128.2","166","871","20","127"
"57","171.2","680.5","127.5","169","881","20","128"
"58","173.8","690.5","127.5","169","881","20","128"
"59","176.9","702.7","127.2","170","885","21","128"
"60","180.0","715.0","127.2","170","885","21","128"
"61","183.1","727.3","126.7","172","892","20","129"
"62","185.6","737.3","126.7","172","892","20","130"
"63","188.8","749.5","126.3","174","897","20","131"
"64","191.9","761.9","127.8","168","877","20","132"
"65","195.0","774.1","127.6","168","879","20","132"
"66","197.5","784.1","127.6","168","879","20","132"
"67","200.6","796.3","126.9","171","889","21","132"
"68","203.7","808.6","126.9","171","889","21","132"
"69","206.3","818.6","126.9","171","889","21","133"
"70","209.3","830.7","127.4","169","882","20","134"
"71","212.4","842.9","128.0","167","874","20","133"
"72","215.5","855.1","127.7","168","878","20","130"
"73","218.6","867.4","127.6","168","879","20","130"
"74","221.2","877.3","127.6","168","879","20","131"
"75","224.3","889.5","126.8","172","890","21","134"
"76","227.4","901.7","127.5","169","881","20","135"
"77","230.4","913.9","127.4","169","882","20","135"
"78","233.5","926.2","126.4","173","896","20","134"
"79","236.1","936.2","126.4","173","896","20","135"
"80","239.2","948.3","126.8","172","890","20","135"
"81","242.3","960.6","127.3","170","883","20","135"
"82","245.4","973.0","126.5","173","895","20","135"
"83","247.9","983.1","126.5","173","895","20","135"
"84","251.0","995.5","125.9","175","903","20","136"
"85","254.1","1007.7","125.6","177","907","20","136"
"86","257.2","1020.0","126.4","173","896","20","136"
"87","260.3","1032.4","125.8","176","905","20","136"
"88","262.8","1042.3","125.8","176","905","20","136"
"89","265.9","1054.5","126.6","172","893","20","134"
"90","269.0","1066.9","125.8","176","905","21","134"
"91","272.1","1079.3","125.5","177","909","20","136"
"92","274.7","1089.4","125.5","177","909","20","136"
"93","277.8","1101.9","125.6","177","907","20","136"
"94","280.8","1114.3","124.9","180","918","21","138"
"95","283.9","1126.5","127.0","171","888","20","138"
"96","286.5","1136.5","127.0","171","888","20","137"
"97","289.6","1148.7","126.5","173","895","20","136"
"98","292.7","1161.1","126.9","171","889","21","134"
"99","295.8","1173.4","126.2","174","899","20","135"
"100","298.3","1183.5","126.2","174","899","20","136"
"101","301.4","1195.7","125.7","176","906","20","139"
"102","304.5","1208.0","126.4","173","896","20","139"
"103","307.6","1220.3","126.7","172","892","20","138"
"104","310.7","1232.6","125.6","177","907","20","136"
"105","313.2","1242.5","125.6","177","907","20","136"
"106","316.3","1254.8","126.8","172","890","20","137"
"107","319.4","1267.1","127.2","170","885","20","138"
"108","322.5","1279.5","126.6","172","893","20","139"
"109","325.6","1291.7","127.1","170","886","20","138"
"110","328.2","1301.7","127.1","170","886","20","137"
"111","331.3","1314.2","126.1","175","900","20","136"
"112","334.3","1326.5","126.8","172","890","20","135"
"113","336.9","1336.4","126.8","172","890","20","131"
"114","340.0","1348.9","127.1","170","886","20","130"
"115","343.1","1361.2","126.6","172","893","20","130"
"116","346.2","1373.5","126.7","172","892","20","131"
"117","348.8","1383.3","126.7","172","892","20","135"
"118","351.8","1395.5","127.1","170","886","20","138"
"119","354.9","1407.8","127.2","170","885","20","139"
"120","358.0","1420.2","126.6","172","893","20","138"
"121","361.1","1432.5","126.7","172","892","20","135"
"122","363.7","1442.5","126.7","172","892","20","134"
"123","366.7","1454.6","126.5","173","895","20","135"
"124","369.8","1467.0","126.7","172","892","20","135"
"125","372.9","1479.2","126.3","174","897","20","137"
"126","376.0","1491.5","126.9","171","889","20","136"
"127","378.6","1501.4","126.9","171","889","20","135"
"128","381.6","1513.6","126.8","172","890","20","135"
"129","384.7","1525.9","127.3","170","883","20","135"
"130","387.8","1538.2","126.9","171","889","20","136"
"131","390.9","1550.5","126.9","171","889","20","137"
"132","394.0","1562.7","127.2","170","885","19","139"
"133","396.6","1572.7","127.2","170","885","19","139"
"134","399.7","1585.0","126.6","172","893","20","139"
"135","402.8","1597.3","125.9","175","903","20","140"
"136","405.8","1609.6","126.1","175","900","20","142"
"137","408.9","1621.8","126.6","172","893","20","142"
"138","412.0","1634.0","126.8","172","890","20","142"
"139","415.1","1646.3","127.0","171","888","20","140"
"140","418.2","1658.5","127.1","170","886","20","139"
"141","420.8","1668.4","127.1","170","886","20","139"
"142","423.9","1680.6","127.4","169","882","20","139"
"143","427.0","1692.8","127.1","170","886","20","140"
"144","430.0","1704.9","127.6","168","879","20","140"
"145","433.1","1717.2","127.5","169","881","20","139"
"146","436.2","1729.4","127.7","168","878","20","139"
"147","439.3","1741.7","126.6","172","893","20","138"
"148","442.4","1753.9","127.0","171","888","20","137"
"149","445.5","1766.2","126.9","171","889","20","138"
"150","448.6","1778.3","127.3","170","883","20","139"
"151","451.6","1790.5","126.6","172","893","20","139"
"152","454.2","1800.4","126.6","172","893","20","140"
"153","457.3","1812.7","126.8","172","890","20","141"
"154","460.4","1824.9","126.7","172","892","20","140"
"155","463.5","1837.1","126.9","171","889","20","140"
"156","466.6","1849.4","126.5","173","895","20","141"
"157","469.6","1861.6","126.7","172","892","20","141"
"158","472.7","1873.9","126.5","173","895","20","141"
"159","475.8","1886.2","127.1","170","886","19","141"
"160","478.9","1898.4","127.2","170","885","20","141"
"161","482.0","1910.6","126.8","172","890","20","141"
"162","485.1","1922.8","126.9","171","889","20","141"
"163","488.2","1935.0","127.1","170","886","19","141"
"164","491.2","1947.1","126.8","172","890","19","142"
"165","494.3","1959.3","127.1","170","886","20","142"
"166","497.4","1971.5","127.5","169","881","20","141"
"167","500.5","1983.7","126.5","173","895","20","141"
"168","503.6","1996.0","127.3","170","883","19","141"
"169","506.7","2008.1","127.3","170","883","19","141"
"170","509.7","2020.1","127.4","169","882","19","140"
"171","512.8","2032.3","127.0","171","888","19","140"
"172","515.9","2044.6","126.3","174","897","20","141"
"173","519.0","2056.8","127.0","171","888","19","142"
"174","522.1","2069.0","127.4","169","882","20","142"
"175","525.2","2081.2","126.6","172","893","20","142"
"176","527.7","2091.2","126.6","172","893","20","142"
"177","530.8","2103.4","126.2","174","899","20","142"
"178","533.9","2115.6","126.8","172","890","19","141"
"179","537.0","2127.8","127.3","170","883","20","141"
"180","540.1","2140.1","126.7","172","892","20","142"
"181","543.2","2152.3","127.1","170","886","20","142"
"182","546.3","2164.7","126.6","172","893","20","140"
"183","549.3","2176.8","126.0","175","902","20","140"
"184","552.4","2189.0","126.9","171","889","20","141"
"185","555.5","2201.2","126.6","172","893","20","142"
"186","558.6","2213.6","126.7","172","892","20","142"
"187","561.7","2225.8","126.6","172","893","20","141"
"188","564.8","2238.0","126.7","172","892","19","141"
"189","567.9","2250.4","126.0","175","902","20","140"
"190","571.0","2262.7","126.2","174","899","19","138"
"191","573.5","2272.6","126.2","174","899","19","138"
"192","576.6","2285.0","126.0","175","902","20","137"
"193","579.7","2297.3","125.6","177","907","20","138"
"194","582.8","2309.7","125.7","176","906","20","140"
"195","585.9","2321.9","125.4","177","910","20","140"
"196","589.0","2334.2","126.4","173","896","19","139"
"197","592.1","2346.6","126.4","173","896","19","140"
"198","595.1","2358.7","125.7","176","906","19","141"
"199","598.2","2371.0","126.7","172","892","19","143"
"200","601.3","2383.3","126.3","174","897","20","142"
"201","604.4","2395.5","125.9","175","903","20","140"
"202","607.5","2407.8","127.3","170","883","19","140"
"203","610.6","2420.2","126.3","174","897","20","141"
"204","613.7","2432.4","126.7","172","892","20","141"
"205","616.2","2442.2","126.7","172","892","20","140"
"206","619.3","2454.6","127.5","169","881","20","140"
"207","622.4","2466.7","126.8","172","890","20","141"
"208","625.5","2478.9","127.3","170","883","20","143"
"209","628.6","2491.2","126.8","172","890","20","144"
"210","631.6","2503.4","126.1","175","900","20","142"
"211","634.7","2515.7","126.4","173","896","20","141"
"212","637.8","2528.0","126.4","173","896","20","140"
"213","640.4","2538.0","126.4","173","896","20","140"
"214","643.5","2550.4","125.9","175","903","20","141"
"215","646.6","2562.8","125.6","177","907","20","142"
"216","649.6","2575.0","126.3","174","897","20","142"
"217","652.8","2587.4","126.4","173","896","20","142"
"218","655.8","2599.6","126.9","171","889","20","141"
"219","658.4","2609.5","126.9","171","889","20","141"
"220","661.5","2621.8","126.7","172","892","20","143"
"221","664.6","2634.3","126.3","174","897","20","144"
"222","667.7","2646.6","125.5","177","909","20","145"
"223","670.7","2658.8","126.0","175","902","20","145"
"224","673.8","2671.2","125.8","176","905","20","144"
"225","676.9","2683.5","126.1","175","900","20","142"
"226","679.5","2693.4","126.1","175","900","20","141"
"227","682.5","2705.6","126.2","174","899","20","140"
"228","685.6","2717.9","126.3","174","897","20","139"
"229","688.7","2730.1","126.2","174","899","20","138"
"230","691.8","2742.5","125.9","175","903","20","139"
"231","694.9","2754.8","125.8","176","905","20","140"
"232","697.4","2764.9","125.8","176","905","20","140"
"233","700.5","2777.1","125.8","176","905","20","140"
"234","703.6","2789.5","126.0","175","902","20","140"
"235","706.7","2802.1","125.7","176","906","20","139"
"236","709.8","2814.4","125.8","176","905","20","139"
"237","712.4","2824.5","125.8","176","905","20","139"
"238","715.5","2836.7","126.4","173","896","20","141"
"239","718.5","2849.0","126.0","175","902","20","142"
"240","721.6","2861.3","125.9","175","903","20","145"
"241","724.7","2873.5","126.9","171","889","20","144"
"242","727.8","2885.9","126.1","175","900","20","143"
"243","730.4","2896.0","126.1","175","900","20","142"
"244","733.5","2908.3","125.3","178","912","21","139"
"245","736.6","2920.6","125.8","176","905","19","137"
"246","739.6","2933.0","126.4","173","896","20","140"
"247","742.7","2945.4","125.4","177","910","20","140"
"248","745.9","2957.9","125.9","175","903","20","141"
"249","749.0","2970.3","125.8","176","905","20","141"
"250","752.0","2982.7","125.2","178","913","20","142"
"251","755.1","2995.0","125.9","175","903","20","140"
"252","757.7","3005.0","125.9","175","903","20","140"
"253","760.8","3017.4","125.6","177","907","20","140"
"254","763.9","3029.8","125.6","177","907","20","141"
"255","766.9","3042.0","126.1","175","900","20","142"
"256","770.1","3054.5","125.2","178","913","20","142"
"257","773.1","3066.9","125.1","179","915","20","141"
"258","776.2","3079.2","126.0","175","902","20","141"
"259","779.3","3091.5","125.5","177","909","20","141"
"260","781.9","3101.5","125.5","177","909","20","141"
"261","785.0","3113.9","126.1","175","900","20","141"
"262","788.0","3126.3","125.3","178","912","20","142"
"263","791.1","3138.6","125.1","179","915","20","142"
"264","794.2","3150.9","125.7","176","906","20","143"
"265","797.3","3163.2","126.6","172","893","20","143"
"266","800.3","3175.4","126.4","173","896","20","144"
"267","803.4","3187.7","126.0","175","902","20","144"
"268","806.5","3200.0","126.6","172","893","20","143"
"269","809.1","3210.0","126.6","172","893","20","143"
"270","812.2","3222.3","126.1","175","900","20","143"
"271","815.3","3234.4","127.0","171","888","19","142"
"272","818.4","3246.8","126.5","173","895","20","142"
"273","821.4","3258.8","126.4","173","896","20","141"
"274","824.5","3271.1","127.9","167","875","20","139"
"275","827.6","3283.3","127.7","168","878","20","138"
"276","830.7","3295.4","127.7","168","878","20","138"
"277","833.8","3307.7","126.2","174","899","20","139"
"278","836.3","3317.7","126.2","174","899","20","139"
"279","839.4","3330.1","125.8","176","905","20","139"
"280","842.5","3342.4","126.0","175","902","20","138"
"281","845.6","3354.8","126.1","175","900","20","136"
"282","848.7","3367.2","125.7","176","906","20","135"
"283","851.8","3379.5","126.0","175","902","20","137"
"284","854.4","3389.4","126.0","175","902","20","138"
"285","857.4","3401.6","126.8","172","890","20","140"
"286","860.5","3413.9","126.1","175","900","20","140"
"287","863.6","3426.3","126.5","173","895","20","140"
"288","866.7","3438.6","126.3","174","897","20","141"
"289","869.8","3450.9","126.3","174","897","20","140"
"290","872.3","3460.8","126.3","174","897","20","139"
"291","875.4","3473.1","126.2","174","899","20","138"
"292","878.5","3485.3","126.4","173","896","20","139"
"293","881.6","3497.6","126.7","172","892","20","138"
"294","884.7","3509.8","127.1","170","886","20","138"
"295","887.8","3522.1","127.0","171","888","20","137"
"296","890.3","3532.0","127.0","171","888","20","137"
"297","893.4","3544.2","126.6","172","893","20","137"
"298","896.5","3556.5","125.9","175","903","20","138"
"299","899.6","3568.8","126.8","172","890","20","139"
"300","902.7","3581.1","126.5","173","895","20","140"
"301","905.8","3593.4","125.9","175","903","20","138"
"302","908.3","3603.4","125.9","175","903","20","137"
"303","911.4","3615.7","125.7","176","906","20","137"
"304","914.5","3628.0","126.6","172","893","20","136"
"305","917.6","3640.2","126.9","171","889","20","136"
"306","920.7","3652.5","127.0","171","888","20","136"
"307","923.7","3664.8","125.7","176","906","20","138"
"308","926.8","3677.2","125.8","176","905","20","140"
"309","929.4","3687.2","125.8","176","905","20","139"
"310","932.5","3699.5","125.1","179","915","20","139"
"311","935.6","3711.8","125.8","176","905","20","136"
"312","938.7","3724.1","126.7","172","892","20","136"
"313","941.7","3736.5","125.4","177","910","20","138"
"314","944.8","3748.9","125.5","177","909","20","138"
"315","947.9","3761.2","126.1","175","900","20","137"
"316","950.5","3771.2","126.1","175","900","20","137"
"317","953.6","3783.5","126.2","174","899","20","138"
"318","956.7","3795.9","125.5","177","909","20","138"
"319","959.7","3808.3","125.3","178","912","20","137"
"320","962.8","3820.7","125.5","177","909","20","136"
"321","965.9","3833.1","125.1","179","915","20","137"
"322","969.0","3845.4","126.5","173","895","20","140"
"323","972.1","3857.7","126.3","174","897","20","142"
"324","974.7","3867.7","126.3","174","897","20","142"
"325","977.7","3879.9","125.5","177","909","20","143"
"326","980.8","3892.3","125.9","175","903","20","143"
"327","983.9","3904.6","125.3","178","912","20","144"
"328","987.0","3916.9","125.9","175","903","20","144"
"329","990.1","3929.2","125.7","176","906","19","143"
"330","993.1","3941.4","125.8","176","905","20","141"
"331","996.2","3953.8","126.2","174","899","20","141"
"332","999.3","3966.0","126.0","175","902","20","142"
"333","1002.4","3978.4","126.2","174","899","20","143"
"334","1005.5","3990.7","126.3","174","897","20","143"
"335","1008.6","4003.0","126.3","174","897","19","142"
"336","1011.7","4015.2","125.8","176","905","20","142"
"337","1014.8","4027.4","126.9","171","889","19","142"
"338","1017.8","4039.8","125.9","175","903","20","143"
"339","1023.0","4051.4","132.2","151","821","20","142"
"340","1024.0","4067.4","132.2","151","821","20","92"
"341","1027.1","4072.2","184467440737095264.0","0","300","20","93"
"342","1030.2","4079.7","319.3","11","337","20","95"
"343","1033.3","4089.1","205.0","41","439","20","97"
"344","1036.4","4099.3","164.4","79","571","20","99"
"345","1039.4","4110.2","151.2","101","648","20","101"
"346","1042.0","4119.6","142.5","121","716","20","104"
"347","0.7","3.1","117.4","216","1044","0","106"
"348","3.7","15.8","121.7","194","968","20","109"
"349","6.8","28.1","124.7","180","921","19","111"
"350","9.9","40.4","124.9","180","918","19","114"
"351","12.5","50.7","124.9","180","918","19","118"
"352","15.6","63.1","123.6","185","937","20","120"
"353","18.6","75.3","124.9","180","918","20","122"
"354","21.7","87.6","126.5","173","895","20","123"
"355","24.8","100.1","126.0","175","902","20","126"
"356","27.9","112.4","124.7","180","921","20","127"
"357","31.0","124.9","125.4","177","910","20","127"
"358","34.1","137.3","125.6","177","907","20","128"
"359","37.2","149.7","125.5","177","909","19","129"
"360","40.2","161.9","125.4","177","910","20","130"
"361","43.3","174.4","125.4","177","910","19","131"
"362","46.4","186.8","125.0","179","916","20","132"
"363","49.5","199.1","124.4","182","925","20","133"
"364","52.6","211.4","125.9","175","903","20","132"
"365","55.7","223.8","125.9","175","903","20","132"
"366","58.8","236.2","125.2","178","913","19","134"
"367","61.9","248.6","124.6","181","922","20","137"
"368","65.0","261.0","125.7","176","906","19","138"
"369","68.1","273.4","126.2","174","899","19","138"
"370","71.1","285.7","125.0","179","916","20","137"
"371","74.2","298.1","125.4","177","910","20","135"
"372","77.3","310.5","125.2","178","913","20","135"
"373","79.9","320.6","125.2","178","913","20","134"
"374","83.0","333.1","124.8","180","919","20","132"
"375","86.1","345.4","125.5","177","909","20","132"
"376","89.1","357.8","125.3","178","912","20","133"
"377","92.2","370.2","125.4","177","910","20","134"
"378","94.8","380.2","125.4","177","910","20","135"
"379","97.9","392.6","125.1","179","915","20","135"
"380","101.0","405.1","124.2","183","928","20","136"
"381","104.1","417.6","125.0","179","916","20","138"
"382","107.1","429.8","124.8","180","919","20","140"
"383","110.2","442.2","125.9","175","903","20","139"
"384","113.3","454.5","125.8","176","905","20","139"
"385","116.4","466.8","125.6","177","907","20","139"
"386","119.5","479.2","125.9","175","903","20","141"
"387","122.6","491.4","127.4","169","882","19","142"
"388","125.7","503.7","126.1","175","900","20","142"
"389","128.8","516.0","125.9","175","903","20","140"
"390","131.8","528.2","126.7","172","892","19","138"
"391","134.4","538.3","126.7","172","892","19","137"
"392","137.5","550.7","125.3","178","912","20","139"
"393","140.6","563.0","125.8","176","905","20","142"
"394","143.7","575.4","125.6","177","907","20","143"
"395","146.8","587.9","124.8","180","919","20","144"
"396","149.8","600.4","124.7","180","921","20","143"
"397","152.9","612.8","124.6","181","922","20","143"
"398","156.0","625.2","125.6","177","907","20","143"
"399","159.1","637.6","125.4","177","910","20","143"
"400","162.2","650.0","125.1","179","915","20","142"
"401","164.8","660.0","125.1","179","915","20","140"
"402","167.8","672.4","125.1","179","915","20","140"
"403","170.9","684.7","125.4","177","910","20","142"
"404","174.0","697.1","125.4","177","910","19","142"
"405","177.1","709.4","125.6","177","907","20","142"
"406","180.2","721.9","124.9","180","918","20","142"
"407","183.3","734.3","124.8","180","919","20","141"
"408","186.4","746.7","125.1","179","915","20","142"
"409","189.5","759.2","125.2","178","913","20","142"
"410","192.5","771.8","124.2","183","928","20","141"
"411","195.1","781.8","124.2","183","928","20","142"
"412","198.2","794.4","124.4","182","925","20","142"
"413","201.3","806.7","124.7","180","921","20","142"
"414","204.4","819.1","125.6","177","907","20","141"
"415","207.5","831.5","125.7","176","906","20","140"
"416","210.6","843.9","125.3","178","912","20","141"
"417","213.7","856.3","125.7","176","906","20","143"
"418","216.2","866.4","125.7","176","906","20","144"
"419","219.3","878.8","125.2","178","913","20","145"
"420","222.4","891.1","125.1","179","915","20","144"
"421","225.5","903.6","125.6","177","907","20","142"
"422","228.6","915.9","126.4","173","896","20","141"
"423","231.7","928.3","126.1","175","900","20","141"
"424","234.3","938.3","126.1","175","900","20","141"
"425","237.3","950.6","125.9","175","903","20","142"
"426","240.4","962.9","125.7","176","906","20","142"
"427","243.5","975.2","125.6","177","907","20","142"
"428","246.6","987.5","126.3","174","897","20","142"
"429","249.7","999.7","126.4","173","896","20","141"
"430","252.8","1012.0","126.4","173","896","20","140"
"431","255.8","1024.4","125.9","175","903","20","138"
"432","258.9","1036.6","126.4","173","896","19","137"
"433","261.5","1046.5","126.4","173","896","19","138"
"434","264.6","1058.8","126.7","172","892","20","139"
"435","267.7","1071.2","126.3","174","897","20","140"
"436","270.7","1083.5","125.7","176","906","20","139"
"437","273.8","1095.9","126.0","175","902","20","139"
"438","276.9","1108.3","124.9","180","918","20","140"
"439","280.0","1120.7","125.2","178","913","20","142"
"440","282.6","1130.8","125.2","178","913","20","143"
"441","285.7","1143.2","125.5","177","909","20","141"
"442","288.2","1153.5","125.3","178","912","21","138"
"443","291.3","1166.0","124.3","182","927","21","135"
"444","294.4","1178.5","124.0","184","931","21","135"
"445","297.5","1190.8","126.3","174","897","20","135"
"446","300.6","1203.0","127.0","171","888","20","136"
"447","303.7","1215.2","127.6","168","879","20","138"
"448","306.2","1225.0","127.6","168","879","20","137"
"449","309.3","1237.3","127.5","169","881","20","137"
"450","312.4","1249.5","126.5","173","895","20","137"
"451","315.5","1261.7","127.2","170","885","20","138"
"452","318.6","1274.1","125.8","176","905","20","138"
"453","321.1","1284.2","125.8","176","905","20","140"
"454","324.2","1296.4","125.1","179","915","21","140"
"455","327.3","1308.8","126.6","172","893","19","139"
"456","330.4","1321.2","125.9","175","903","20","140"
"457","333.5","1333.6","126.2","174","899","20","142"
"458","336.6","1346.0","125.7","176","906","20","143"
"459","339.2","1356.0","125.7","176","906","20","145"
"460","342.2","1368.5","125.7","176","906","20","145"
"461","345.3","1380.8","124.4","182","925","21","144"
"462","348.4","1393.0","126.0","175","902","20","141"
"463","351.5","1405.3","126.6","172","893","20","139"
"464","354.6","1417.6","126.2","174","899","20","139"
"465","357.2","1427.7","126.2","174","899","20","139"
"466","360.3","1440.1","125.4","177","910","20","137"
"467","363.3","1452.4","126.4","173","896","20","136"
"468","366.4","1464.7","126.5","173","895","20","135"
"469","369.5","1477.1","125.6","177","907","20","136"
"470","372.1","1487.1","125.6","177","907","20","139"
"471","375.2","1499.3","126.2","174","899","21","141"
"472","378.3","1511.7","126.6","172","893","20","142"
"473","380.8","1521.8","127.0","171","888","20","141"
"474","383.9","1534.2","125.8","176","905","21","138"
"475","387.0","1546.4","125.7","176","906","20","137"
"476","390.1","1558.7","126.7","172","892","20","138"
"477","393.2","1571.1","126.7","172","892","20","141"
"478","395.7","1580.9","126.7","172","892","20","140"
"479","398.8","1593.5","126.7","172","892","20","137"
"480","401.9","1605.8","125.8","176","905","20","136"
"481","405.0","1618.0","127.3","170","883","20","134"
"482","407.6","1627.9","127.3","170","883","20","134"
"483","410.7","1640.1","127.9","167","875","20","134"
"484","413.7","1652.4","127.3","170","883","20","134"
"485","416.8","1664.8","125.9","175","903","20","138"
"486","419.9","1677.3","124.9","180","918","20","136"
"487","422.5","1687.4","124.9","180","918","20","135"
"488","425.6","1699.8","124.1","183","930","21","133"
"489","428.7","1712.3","125.0","179","916","20","134"
"490","431.7","1724.6","125.9","175","903","20","137"
"491","434.3","1734.6","125.9","175","903","20","139"
"492","437.4","1746.9","126.3","174","897","20","139"
"493","440.5","1759.4","126.0","175","902","20","140"
"494","443.6","1771.9","125.7","176","906","20","143"
"495","446.2","1781.9","125.7","176","906","20","142"
"496","449.2","1794.2","126.7","172","892","20","139"
"497","452.3","1806.6","125.3","178","912","20","139"
"498","455.4","1818.9","126.3","174","897","20","139"
"499","458.0","1828.9","126.3","174","897","20","137"
"500","461.1","1841.2","126.7","172","892","20","136"
"501","464.2","1853.6","126.6","172","893","20","135"
"502","466.7","1863.6","126.6","172","893","20","136"
"503","469.8","1875.9","126.2","174","899","21","135"
"504","472.9","1888.2","126.5","173","895","20","136"
"505","476.0","1900.5","126.2","174","899","20","137"
"506","479.1","1912.9","125.8","176","905","20","137"
"507","481.6","1922.8","125.8","176","905","20","137"
"508","484.7","1935.3","126.2","174","899","20","140"
"509","487.8","1947.7","125.5","177","909","20","142"
"510","490.9","1960.1","125.4","177","910","20","142"
"511","493.5","1970.1","125.4","177","910","20","140"
"512","496.6","1982.6","125.6","177","907","20","139"
"513","499.6","1994.9","126.5","173","895","20","140"
"514","502.7","2007.2","126.7","172","892","20","140"
"515","505.3","2017.1","126.7","172","892","20","141"
"516","508.4","2029.5","126.2","174","899","20","141"
"517","511.5","2041.8","126.0","175","902","21","140"
"518","514.5","2054.1","125.9","175","903","20","139"
"519","517.6","2066.5","125.7","176","906","20","138"
"520","520.2","2076.5","125.7","176","906","20","140"
"521","523.3","2088.9","125.4","177","910","20","143"
"522","526.4","2101.3","124.9","180","918","20","144"
"523","529.4","2113.6","126.0","175","902","20","144"
"524","532.5","2125.9","125.6","177","907","20","143"
"525","535.6","2138.3","125.7","176","906","20","143"
"526","538.2","2148.3","125.7","176","906","20","143"
"527","541.2","2160.8","125.5","177","909","20","146"
"528","544.3","2173.1","125.0","179","916","20","147"
"529","547.4","2185.6","125.7","176","906","20","146"
"530","550.5","2197.9","126.1","175","900","20","144"
"531","553.6","2210.3","125.6","177","907","20","142"
"532","556.2","2220.3","125.6","177","907","20","142"
"533","559.3","2232.6","125.7","176","906","20","143"
"534","562.4","2244.9","125.9","175","903","20","144"
"535","565.4","2257.5","124.7","180","921","20","142"
"536","568.0","2267.6","124.7","180","921","20","140"
"537","571.1","2279.9","124.9","180","918","20","138"
"538","574.2","2292.2","126.1","175","900","20","137"
"539","577.3","2304.5","126.6","172","893","20","136"
"540","580.4","2316.8","127.6","168","879","20","137"
"541","583.0","2326.7","127.6","168","879","20","137"
"542","586.0","2338.8","127.7","168","878","20","136"
"543","589.1","2351.1","127.3","170","883","20","136"
"544","592.2","2363.4","126.4","173","896","20","138"
"545","595.3","2375.7","127.2","170","885","20","141"
"546","598.4","2387.9","127.4","169","882","20","141"
"547","600.9","2397.9","127.4","169","882","20","140"
"548","604.0","2410.2","125.9","175","903","20","139"
"549","607.1","2422.4","126.1","175","900","20","140"
"550","610.2","2434.6","126.7","172","892","20","139"
"551","613.3","2446.9","126.9","171","889","20","139"
"552","616.3","2459.1","126.3","174","897","20","140"
"553","619.4","2471.5","126.3","174","897","20","138"
"554","622.0","2481.4","126.3","174","897","20","136"
"555","625.1","2493.6","126.3","174","897","20","135"
"556","628.2","2505.8","127.0","171","888","20","136"
"557","631.2","2517.9","127.0","171","888","20","138"
"558","634.3","2530.3","126.9","171","889","20","140"
"559","637.4","2542.7","125.4","177","910","20","142"
"560","640.5","2554.8","126.4","173","896","20","142"
"561","643.6","2567.1","127.3","170","883","20","142"
"562","646.7","2579.4","126.6","172","893","20","142"
"563","649.3","2589.3","126.6","172","893","20","140"
"564","652.4","2601.5","127.7","168","878","20","138"
"565","655.4","2613.7","127.2","170","885","20","137"
"566","658.5","2626.0","126.2","174","899","19","139"
"567","661.6","2638.3","127.0","171","888","20","141"
"568","664.7","2650.6","126.1","175","900","20","143"
"569","667.2","2660.6","126.1","175","900","20","142"
"570","670.3","2673.0","125.6","177","907","20","142"
"571","673.4","2685.4","126.2","174","899","20","142"
"572","676.5","2697.8","125.3","178","912","20","144"
"573","679.1","2707.8","125.3","178","912","20","144"
"574","682.2","2720.0","126.6","172","893","20","144"
"575","685.3","2732.4","126.9","171","889","20","142"
"576","688.4","2744.9","126.3","174","897","20","140"
"577","691.5","2757.3","125.5","177","909","20","142"
"578","694.6","2769.6","126.2","174","899","20","143"
"579","697.1","2779.6","126.2","174","899","20","144"
"580","700.2","2791.7","126.2","174","899","20","143"
"581","703.3","2804.1","127.2","170","885","19","141"
"582","706.4","2816.3","126.0","175","902","20","139"
"583","709.5","2828.6","127.1","170","886","20","139"
"584","712.6","2840.9","126.1","175","900","20","140"
"585","715.7","2853.2","126.5","173","895","20","140"
"586","718.2","2863.2","126.5","173","895","20","139"
"587","721.3","2875.4","125.6","177","907","20","138"
"588","724.4","2887.6","126.8","172","890","20","139"
"589","727.5","2899.7","128.0","167","874","20","139"
"590","730.6","2912.1","127.7","168","878","20","140"
"591","733.7","2924.2","126.3","174","897","20","140"
"592","736.8","2936.4","128.2","166","871","20","139"
"593","739.8","2948.6","127.6","168","879","20","138"
"594","742.4","2958.4","127.6","168","879","20","138"
"595","745.5","2970.5","127.8","168","877","20","138"
"596","748.6","2982.5","128.4","165","869","20","138"
"597","751.7","2994.5","128.7","164","865","19","138"
"598","754.8","3006.7","128.4","165","869","20","139"
"599","757.8","3019.0","127.8","168","877","20","139"
"600","760.9","3031.3","126.6","172","893","20","139"
"601","764.0","3043.5","126.3","174","897","20","138"
"602","767.1","3055.8","127.3","170","883","20","139"
"603","769.6","3065.5","127.3","170","883","20","139"
"604","772.7","3077.6","127.8","168","877","20","139"
"605","775.8","3090.0","128.2","166","871","19","139"
"606","778.9","3102.4","126.3","174","897","20","141"
"607","782.0","3114.7","125.7","176","906","20","141"
"608","785.1","3126.8","126.7","172","892","20","141"
"609","788.2","3139.0","127.9","167","875","20","140"
"610","791.3","3151.2","127.5","169","881","20","139"
"611","793.8","3161.0","127.5","169","881","20","139"
"612","796.9","3173.2","127.5","169","881","20","139"
"613","800.0","3185.4","127.3","170","883","20","139"
"614","803.1","3197.5","127.4","169","882","19","139"
"615","806.2","3209.7","128.3","166","870","20","139"
"616","809.3","3221.9","127.9","167","875","20","138"
"617","812.4","3234.1","127.9","167","875","20","138"
"618","815.5","3246.3","127.7","168","878","20","138"
"619","818.0","3256.2","127.7","168","878","20","138"
"620","821.1","3268.4","127.4","169","882","20","138"
"621","824.2","3280.6","126.8","172","890","20","137"
"622","827.3","3293.0","126.8","172","890","20","137"
"623","830.4","3305.2","127.7","168","878","20","137"
"624","833.5","3317.6","126.1","175","900","20","138"
"625","836.6","3329.9","126.1","175","900","20","140"
"626","839.1","3339.8","126.1","175","900","20","141"
"627","842.2","3352.0","126.4","173","896","20","141"
"628","845.3","3364.3","127.6","168","879","20","139"
"629","848.4","3376.7","126.5","173","895","20","136"
"630","851.5","3389.0","126.8","172","890","20","135"
"631","854.1","3398.9","126.8","172","890","20","135"
"632","857.2","3411.2","126.4","173","896","20","135"
"633","860.3","3423.3","127.1","170","886","20","136"
"634","863.4","3435.5","127.4","169","882","20","136"
"635","866.4","3447.7","126.9","171","889","20","137"
"636","869.5","3460.1","125.9","175","903","20","138"
"637","872.6","3472.5","125.5","177","909","20","139"
"638","875.2","3482.6","125.5","177","909","20","141"
"639","878.3","3495.0","125.0","179","916","20","143"
"640","881.3","3507.3","125.5","177","909","20","143"
"641","884.4","3519.6","125.8","176","905","20","142"
"642","887.5","3531.8","127.2","170","885","20","141"
"643","890.6","3544.1","126.5","173","895","20","140"
"644","893.2","3554.1","126.5","173","895","20","140"
"645","896.3","3566.3","126.4","173","896","20","139"
"646","899.3","3578.4","127.3","170","883","20","137"
"647","902.4","3590.8","127.2","170","885","20","136"
"648","905.5","3603.1","125.5","177","909","20","136"
"649","908.6","3615.3","126.6","172","893","19","136"
"650","911.7","3627.6","126.7","172","892","20","138"
"651","914.8","3639.8","127.0","171","888","20","139"
"652","917.4","3649.9","127.0","171","888","20","140"
"653","920.4","3662.2","125.7","176","906","20","141"
"654","923.5","3674.6","125.9","175","903","20","142"
"655","926.6","3687.1","125.5","177","909","20","142"
"656","929.7","3699.5","125.4","177","910","20","143"
"657","932.8","3711.8","126.0","175","902","20","143"
"658","935.9","3724.0","126.4","173","896","20","143"
"659","939.0","3736.5","126.0","175","902","20","143"
"660","941.6","3746.5","126.0","175","902","20","143"
"661","944.7","3758.8","125.6","177","907","20","144"
"662","947.7","3771.1","125.5","177","909","20","144"
"663","950.8","3783.4","126.0","175","902","19","144"
"664","953.9","3795.7","126.2","174","899","20","145"
"665","957.0","3808.0","125.8","176","905","20","145"
"666","960.1","3820.3","126.0","175","902","20","146"
"667","963.2","3832.5","126.3","174","897","20","146"
"668","966.2","3844.9","126.4","173","896","19","146"
"669","969.3","3857.3","125.4","177","910","20","145"
"670","972.4","3869.7","125.6","177","907","20","145"
"671","975.5","3882.0","126.2","174","899","20","145"
"672","978.6","3894.2","126.8","172","890","20","145"
"673","981.7","3906.5","126.3","174","897","20","146"
"674","984.2","3916.5","126.3","174","897","20","145"
"675","987.8","3931.1","126.2","174","899","19","146"
"676","990.9","3943.4","126.5","173","895","19","145"
"677","993.5","3953.4","126.5","173","895","19","145"
"678","996.6","3965.7","126.1","175","900","20","145"
"679","999.7","3977.9","126.3","174","897","20","145"
"680","1002.8","3990.2","126.7","172","892","19","147"
"681","1005.9","4002.4","126.5","173","895","20","145"
"682","1008.9","4014.7","126.9","171","889","20","144"
"683","1012.0","4026.7","126.4","173","896","19","144"
"684","1015.1","4039.1","127.5","169","881","19","144"
"685","1018.2","4051.2","127.6","168","879","19","143"
"686","1021.1","4072.8","184467440737095232.0","0","300","19","95"
"687","1023.2","4076.2","184467440737095232.0","0","300","19","95"
"688","1026.3","4085.8","271.2","18","360","19","100"
"689","1028.4","4092.9","162.9","81","578","19","102"
"690","0.3","1.2","0.0","","","0","104"
"691","3.4","14.1","121.0","198","979","0","110"
"692","6.5","27.0","121.6","195","969","20","113"
"693","9.6","39.5","121.6","195","969","20","115"
"694","12.6","52.0","122.5","190","955","19","117"
"695","15.7","64.6","123.6","185","937","20","120"
"696","18.8","77.1","123.5","186","939","20","122"
"697","21.9","89.4","125.6","177","907","19","124"
"698","25.0","101.7","125.6","177","907","19","122"
"699","28.1","114.2","124.0","184","931","20","122"
"700","31.1","126.6","124.0","184","931","20","124"
"701","34.2","139.1","124.1","183","930","19","125"
"702","37.3","151.6","124.1","183","930","19","128"
"703","40.4","164.1","124.2","183","928","19","129"
"704","43.5","176.4","125.8","176","905","20","130"
"705","46.1","186.5","125.8","176","905","20","130"
"706","49.2","198.9","126.1","175","900","20","129"
"707","52.3","211.3","125.4","177","910","20","128"
"708","55.3","223.7","124.5","181","924","20","130"
"709","58.4","236.2","124.2","183","928","20","131"
"710","61.0","246.5","124.2","183","928","20","132"
"711","64.0","258.9","123.0","188","947","21","131"
"712","67.1","271.3","123.9","184","933","20","130"
"713","70.2","283.6","125.9","175","903","19","130"
"714","73.3","296.0","126.2","174","899","20","131"
"715","76.4","308.4","126.0","175","902","20","133"
"716","79.5","320.9","124.9","180","918","20","134"
"717","82.1","331.1","124.9","180","918","20","135"
"718","85.2","343.6","124.5","181","924","20","135"
"719","88.3","356.0","124.1","183","930","20","135"
"720","91.3","368.4","125.1","179","915","20","134"
"721","94.4","380.7","125.6","177","907","20","133"
"722","97.5","393.1","125.7","176","906","20","133"
"723","100.6","405.5","125.3","178","912","20","133"
"724","103.2","415.5","125.3","178","912","20","135"
"725","106.2","427.8","125.4","177","910","20","137"
"726","109.3","440.3","125.6","177","907","20","140"
"727","112.4","452.7","125.1","179","915","20","142"
"728","115.0","462.9","125.1","179","915","20","143"
"729","118.1","475.5","124.2","183","928","21","143"
"730","121.2","487.9","124.1","183","930","20","142"
"731","124.3","500.1","127.3","170","883","20","142"
"732","127.3","512.4","126.0","175","902","20","141"
"733","129.9","522.5","126.0","175","902","20","140"
"734","133.0","534.8","125.2","178","913","20","139"
"735","136.1","546.9","126.4","173","896","20","138"
"736","139.2","559.3","126.3","174","897","21","136"
"737","142.2","571.8","124.0","184","931","20","135"
"738","144.8","581.9","124.0","184","931","20","136"
"739","147.9","594.2","126.3","174","897","20","135"
"740","151.0","606.7","125.1","179","915","20","138"
"741","154.1","619.0","125.5","177","909","20","138"
"742","157.2","631.5","125.7","176","906","21","138"
"743","159.8","641.5","125.7","176","906","21","137"
"744","162.8","653.7","126.4","173","896","20","136"
"745","165.9","666.1","126.2","174","899","19","138"
"746","169.0","678.5","125.5","177","909","20","140"
"747","172.1","691.1","124.9","180","918","20","140"
"748","175.2","703.4","126.1","175","900","20","139"
"749","178.3","715.8","125.8","176","905","20","138"
"750","180.9","725.8","125.8","176","905","20","139"
"751","184.0","738.2","125.2","178","913","20","141"
"752","187.1","750.6","125.4","177","910","20","141"
"753","190.1","762.9","125.6","177","907","21","138"
"754","192.7","773.0","125.6","177","907","21","138"
"755","195.8","785.6","125.6","177","907","20","137"
"756","198.9","798.1","124.6","181","922","20","139"
"757","202.0","810.6","124.4","182","925","20","141"
"758","205.1","823.1","124.5","181","924","20","143"
"759","207.6","833.4","124.5","181","924","20","142"
"760","210.7","845.8","123.8","184","934","20","142"
"761","213.8","858.3","124.5","181","924","20","142"
"762","216.9","870.7","124.7","180","921","20","144"
"763","220.0","883.2","125.3","178","912","20","144"
"764","223.1","895.7","125.2","178","913","20","143"
"765","226.2","908.0","124.7","180","921","20","142"
"766","228.8","918.2","124.7","180","921","20","143"
"767","231.8","930.6","124.7","180","921","20","145"
"768","234.9","943.0","124.7","180","921","20","147"
"769","238.0","955.6","125.0","179","916","20","147"
"770","241.1","968.0","124.9","180","918","20","146"
"771","243.6","978.1","124.9","180","918","20","146"
"772","246.7","990.6","125.0","179","916","20","145"
"773","249.8","1003.1","124.2","183","928","20","143"
"774","252.9","1015.4","125.1","179","915","20","142"
"775","256.0","1027.9","124.7","180","921","20","142"
"776","259.1","1040.5","124.6","181","922","20","144"
"777","261.7","1050.7","124.6","181","922","20","146"
"778","264.7","1063.0","124.2","183","928","20","147"
"779","267.9","1075.4","125.2","178","913","20","147"
"780","270.9","1087.8","125.9","175","903","20","147"
"781","274.0","1100.2","126.0","175","902","20","146"
"782","277.1","1112.6","125.0","179","916","20","145"
"783","279.7","1122.7","125.0","179","916","20","145"
"784","282.8","1134.9","125.1","179","915","20","145"
"785","285.8","1147.1","126.1","175","900","20","145"
"786","288.9","1159.6","126.2","174","899","20","144"
"787","292.0","1172.1","124.8","180","919","20","144"
"788","295.1","1184.5","124.8","180","919","20","143"
"789","298.2","1196.9","125.3","178","912","20","143"
"790","300.7","1207.0","125.3","178","912","20","142"
"791","303.8","1219.3","126.1","175","900","20","141"
"792","306.9","1231.7","125.9","175","903","20","140"
"793","310.0","1244.1","126.0","175","902","21","139"
"794","312.6","1254.1","126.0","175","902","21","138"
"795","315.7","1266.5","125.7","176","906","20","139"
"796","318.8","1278.9","125.7","176","906","20","142"
"797","321.9","1291.3","126.1","175","900","20","143"
"798","324.4","1301.3","126.1","175","900","20","144"
"799","327.5","1313.5","126.7","172","892","20","142"
"800","330.6","1325.9","126.9","171","889","20","140"
"801","333.7","1338.4","125.6","177","907","21","139"
"802","336.3","1348.4","125.6","177","907","21","139"
"803","339.3","1360.8","126.2","174","899","20","138"
"804","342.4","1373.3","125.1","179","915","21","135"
"805","345.0","1383.3","125.1","179","915","21","135"
"806","348.1","1395.6","125.5","177","909","20","135"
"807","351.2","1408.1","125.8","176","905","20","137"
"808","354.3","1420.4","126.2","174","899","20","140"
"809","356.8","1430.3","126.2","174","899","20","142"
"810","359.9","1442.7","127.3","170","883","20","141"
"811","363.0","1455.0","126.4","173","896","21","140"
"812","366.1","1467.4","125.8","176","905","20","140"
"813","368.7","1477.6","125.8","176","905","20","139"
"814","371.7","1490.1","124.4","182","925","21","138"
"815","374.3","1500.3","124.4","182","925","21","138"
"816","377.4","1512.8","124.6","181","922","20","138"
"817","380.5","1525.2","125.0","179","916","20","139"
"818","383.6","1537.6","126.2","174","899","20","140"
"819","386.1","1547.7","126.2","174","899","20","140"
"820","389.2","1560.1","124.9","180","918","20","140"
"821","392.3","1572.6","125.4","177","910","20","139"
"822","395.4","1585.1","124.5","181","924","20","139"
"823","398.0","1595.2","124.5","181","924","20","139"
"824","401.1","1607.5","124.9","180","918","20","140"
"825","404.1","1619.7","126.6","172","893","20","142"
"826","407.2","1632.0","126.6","172","893","20","144"
"827","410.3","1644.5","124.8","180","919","21","143"
"828","412.9","1654.7","124.8","180","919","21","142"
"829","416.0","1667.1","124.6","181","922","20","141"
"830","419.1","1679.5","124.9","180","918","20","140"
"831","422.2","1691.9","125.8","176","905","20","139"
"832","425.2","1704.2","125.6","177","907","20","140"
"833","428.3","1716.8","125.1","179","915","20","141"
"834","430.9","1726.8","125.1","179","915","20","142"
"835","434.0","1739.1","125.6","177","907","20","144"
"836","437.1","1751.5","125.8","176","905","20","147"
"837","440.2","1763.8","125.6","177","907","20","147"
"838","443.3","1776.4","125.3","178","912","19","145"
"839","446.4","1789.0","124.0","184","931","20","145"
"840","449.4","1801.4","125.0","179","916","20","146"
"841","452.0","1811.5","125.0","179","916","20","146"
"842","455.1","1823.8","125.8","176","905","20","145"
"843","458.2","1836.4","125.9","175","903","20","145"
"844","461.3","1848.9","124.7","180","921","20","144"
"845","463.9","1859.0","124.7","180","921","20","144"
"846","466.9","1871.4","124.7","180","921","20","144"
"847","470.0","1884.0","125.1","179","915","20","143"
"848","473.1","1896.3","125.2","178","913","20","143"
"849","476.2","1908.8","125.3","178","912","20","141"
"850","478.8","1918.8","125.3","178","912","20","141"
"851","481.9","1931.2","125.9","175","903","20","140"
"852","485.0","1943.6","126.0","175","902","20","140"
"853","487.5","1953.7","125.4","177","910","20","139"
"854","490.6","1966.0","125.8","176","905","21","139"
"855","493.7","1978.3","126.1","175","900","20","138"
"856","496.8","1990.7","125.7","176","906","20","138"
"857","499.9","2003.1","125.7","176","906","20","138"
"858","502.4","2013.1","125.7","176","906","20","138"
"859","505.5","2025.4","125.7","176","906","20","138"
"860","508.6","2037.8","126.2","174","899","20","139"
"861","511.7","2050.1","126.3","174","897","20","142"
"862","514.2","2060.1","126.3","174","897","20","142"
"863","517.3","2072.5","126.3","174","897","20","142"
"864","520.4","2085.0","124.7","180","921","20","143"
"865","523.5","2097.4","125.0","179","916","20","142"
"866","526.0","2107.6","125.0","179","916","20","142"
"867","529.1","2120.0","125.0","179","916","20","141"
"868","532.2","2132.4","125.2","178","913","20","141"
"869","535.3","2144.7","126.5","173","895","20","139"
"870","537.9","2154.7","126.5","173","895","20","138"
"871","541.0","2167.1","126.4","173","896","20","137"
"872","544.1","2179.4","125.5","177","909","20","140"
"873","547.2","2191.8","126.0","175","902","20","143"
"874","550.3","2204.1","125.3","178","912","20","145"
"875","553.3","2216.5","125.7","176","906","19","145"
"876","556.4","2228.8","125.9","175","903","20","145"
"877","559.5","2241.2","125.9","175","903","20","144"
"878","562.1","2251.3","125.9","175","903","20","144"
"879","565.2","2263.6","125.2","178","913","20","144"
"880","568.3","2276.0","125.5","177","909","20","144"
"881","571.4","2288.6","125.7","176","906","20","144"
"882","574.5","2301.1","125.1","179","915","20","144"
"883","577.0","2311.3","125.1","179","915","20","143"
"884","580.1","2323.7","124.4","182","925","20","144"
"885","583.2","2336.0","125.1","179","915","20","145"
"886","586.3","2348.4","126.3","174","897","20","144"
"887","589.4","2361.0","124.6","181","922","21","143"
"888","592.0","2371.1","124.6","181","922","21","143"
"889","595.1","2383.5","124.7","180","921","21","144"
"890","598.2","2395.9","125.5","177","909","19","145"
"891","601.2","2408.4","124.8","180","919","20","146"
"892","604.3","2420.9","125.0","179","916","20","146"
"893","606.9","2431.0","125.0","179","916","20","145"
"894","610.0","2443.5","124.9","180","918","20","145"
"895","613.1","2455.9","124.9","180","918","21","145"
"896","616.2","2468.2","125.8","176","905","20","145"
"897","619.2","2480.4","126.7","172","892","20","146"
"898","621.8","2490.4","126.7","172","892","20","146"
"899","624.9","2502.7","125.6","177","907","20","146"
"900","628.0","2515.1","126.0","175","902","20","145"
"901","631.0","2527.4","126.0","175","902","20","143"
"902","634.1","2539.8","125.7","176","906","20","141"
"903","636.7","2549.8","125.7","176","906","20","139"
"904","639.8","2562.0","126.5","173","895","20","140"
"905","642.9","2574.2","127.4","169","882","20","142"
"906","646.0","2586.6","126.9","171","889","20","143"
"907","649.0","2599.0","126.1","175","900","20","144"
"908","651.6","2609.0","126.1","175","900","20","144"
"909","654.7","2621.3","125.9","175","903","20","143"
"910","657.8","2633.8","125.6","177","907","21","144"
"911","660.9","2646.2","125.7","176","906","20","145"
"912","663.4","2656.2","125.7","176","906","20","145"
"913","666.5","2668.5","125.6","177","907","20","144"
"914","669.6","2680.8","126.2","174","899","20","145"
"915","672.7","2693.3","126.0","175","902","20","144"
"916","675.8","2705.7","125.4","177","910","20","145"
"917","678.4","2715.8","125.4","177","910","20","145"
"918","681.4","2728.2","124.9","180","918","20","145"
"919","684.5","2740.7","125.4","177","910","20","145"
"920","687.1","2750.9","125.0","179","916","21","145"
"921","690.2","2763.4","124.1","183","930","21","144"
"922","693.3","2775.8","124.0","184","931","21","141"
"923","696.3","2788.1","125.8","176","905","20","140"
"924","699.4","2800.6","125.7","176","906","19","140"
"925","702.5","2813.1","125.2","178","913","20","142"
"926","705.1","2823.1","125.2","178","913","20","143"
"927","708.2","2835.6","124.9","180","918","20","144"
"928","711.3","2848.2","124.9","180","918","20","144"
"929","714.4","2860.5","125.3","178","912","20","145"
"930","717.5","2872.8","126.2","174","899","20","144"
"931","720.5","2885.1","125.4","177","910","20","143"
"932","723.1","2895.2","125.4","177","910","20","142"
"933","726.2","2907.7","124.7","180","921","20","142"
"934","729.3","2920.0","125.0","179","916","20","143"
"935","732.4","2932.4","125.9","175","903","20","143"
"936","734.9","2942.5","125.9","175","903","20","141"
"937","738.0","2955.0","124.7","180","921","20","140"
"938","741.1","2967.3","125.1","179","915","20","140"
"939","744.2","2979.7","125.8","176","905","20","138"
"940","746.7","2989.8","125.8","176","905","20","138"
"941","749.8","3002.1","125.4","177","910","20","139"
"942","752.9","3014.3","126.7","172","892","20","141"
"943","756.0","3026.8","126.2","174","899","20","142"
"944","759.1","3039.2","125.7","176","906","21","142"
"945","762.2","3051.5","125.8","176","905","20","139"
"946","764.8","3061.6","125.8","176","905","20","139"
"947","767.8","3074.0","124.5","181","924","20","142"
"948","770.9","3086.4","125.5","177","909","20","144"
"949","774.0","3098.7","126.3","174","897","20","145"
"950","776.6","3108.6","126.3","174","897","20","143"
"951","779.7","3120.9","127.2","170","885","20","142"
"952","782.8","3133.2","126.9","171","889","20","140"
"953","785.3","3143.3","126.9","171","889","20","140"
"954","788.4","3155.8","124.8","180","919","21","141"
"955","791.5","3168.1","125.4","177","910","20","142"
"956","794.6","3180.4","125.9","175","903","20","142"
"957","797.6","3192.7","126.3","174","897","20","142"
"958","800.2","3202.7","126.3","174","897","20","142"
"959","803.3","3214.9","125.9","175","903","20","143"
"960","806.4","3227.0","127.0","171","888","20","143"
"961","809.5","3239.2","128.1","167","873","20","141"
"962","812.6","3251.5","127.4","169","882","20","139"
"963","815.6","3263.8","126.0","175","902","20","139"
"964","818.2","3273.9","126.0","175","902","20","140"
"965","821.3","3286.1","125.7","176","906","20","143"
"966","824.4","3298.4","126.8","172","890","20","144"
"967","827.5","3310.9","126.1","175","900","20","145"
"968","830.6","3323.3","125.6","177","907","20","146"
"969","833.6","3335.6","125.8","176","905","20","145"
"970","836.7","3348.0","125.7","176","906","20","145"
"971","839.3","3357.9","125.7","176","906","20","145"
"972","842.9","3372.3","127.6","168","879","19","144"
"973","845.5","3382.3","127.6","168","879","19","143"
"974","848.6","3394.6","126.5","173","895","20","142"
"975","851.7","3406.9","126.9","171","889","20","140"
"976","854.7","3419.2","126.4","173","896","20","140"
"977","857.3","3429.3","126.4","173","896","20","138"
"978","860.4","3441.6","125.5","177","909","20","139"
"979","863.5","3454.0","126.1","175","900","20","138"
"980","866.6","3466.4","126.0","175","902","20","140"
"981","869.7","3478.8","126.0","175","902","20","144"
"982","872.8","3491.1","125.5","177","909","20","146"
"983","875.4","3501.3","125.5","177","909","20","147"
"984","878.4","3513.7","125.2","178","913","20","147"
"985","881.5","3526.1","124.8","180","919","20","146"
"986","884.6","3538.6","125.2","178","913","19","146"
"987","887.7","3551.1","124.9","180","918","20","147"
"988","890.8","3563.3","125.9","175","903","19","148"
"989","893.9","3575.8","125.2","178","913","20","148"
"990","897.0","3588.2","125.3","178","912","20","146"
"991","900.1","3600.5","125.4","177","910","19","146"
"992","902.6","3610.5","125.4","177","910","19","146"
"993","905.7","3622.9","125.8","176","905","20","146"
"994","908.8","3635.4","125.0","179","916","20","146"
"995","911.9","3647.8","125.0","179","916","20","147"
"996","915.0","3660.2","125.1","179","915","20","147"
"997","918.1","3672.7","124.6","181","922","20","147"
"998","921.2","3685.0","125.1","179","915","20","147"
"999","924.2","3697.4","125.1","179","915","20","147"
"1000","927.3","3709.9","124.9","180","918","20","146"
"1001","930.4","3722.3","125.1","179","915","20","144"
"1002","933.0","3732.3","125.1","179","915","20","144"
"1003","936.1","3744.7","125.5","177","909","20","143"
"1004","939.2","3757.0","125.6","177","907","20","145"
"1005","942.3","3769.3","126.9","171","889","20","142"
"1006","945.3","3781.7","126.0","175","902","20","141"
"1007","947.9","3791.8","126.0","175","902","20","140"
"1008","951.0","3804.2","124.8","180","919","20","139"
"1009","954.1","3816.7","124.7","180","921","20","143"
"1010","957.2","3829.1","125.8","176","905","20","145"
"1011","960.3","3841.4","126.3","174","897","20","143"
"1012","962.8","3851.4","126.3","174","897","20","140"
"1013","965.9","3863.8","126.9","171","889","20","139"
"1014","969.0","3875.9","126.6","172","893","20","138"
"1015","972.1","3888.2","126.9","171","889","20","138"
"1016","975.2","3900.5","125.9","175","903","20","140"
"1017","978.3","3912.8","126.9","171","889","20","143"
"1018","980.9","3922.8","126.9","171","889","20","144"
"1019","983.9","3935.0","126.6","172","893","21","144"
"1020","987.0","3947.4","126.7","172","892","20","142"
"1021","990.1","3959.7","125.5","177","909","20","141"
"1022","993.2","3972.0","127.1","170","886","20","141"
"1023","995.7","3981.9","127.1","170","886","20","141"
"1024","998.8","3994.2","126.4","173","896","20","142"
"1025","1001.9","4006.6","126.3","174","897","20","142"
"1026","1005.0","4018.9","125.9","175","903","20","141"
"1027","1008.1","4031.1","125.5","177","909","20","142"
"1028","1011.2","4043.4","126.0","175","902","20","145"
"1029","1014.2","4055.7","125.7","176","906","20","146"
"1030","1017.3","4068.0","125.7","176","906","20","148"
"1031","1020.7","4088.8","125.7","176","906","19","101"
"1032","1024.4","4093.8","184467440737095296.0","0","300","19","103"
"1033","1027.5","4100.4","184467440737095232.0","0","300","19","101"
"1034","1031.1","4110.5","181.3","59","502","19","105"
"1035","1034.1","4120.3","158.7","88","601","19","109"
"1036","1037.2","4130.4","158.7","88","601","19","109"
"1037","1040.3","4140.9","151.6","100","645","19","109"
"1038","1043.4","4152.0","139.8","128","740","19","112"
"1039","1046.0","4161.3","139.8","128","740","19","114"
"1040","0.6","2.7","114.0","236","1113","0","115"
"1041","3.1","13.3","114.0","236","1113","0","115"
"1042","6.2","26.1","119.3","206","1009","21","116"
"1043","9.3","38.8","122.5","190","955","20","117"
"1044","12.4","51.2","124.6","181","922","20","120"
"1045","15.0","61.3","124.6","181","922","20","123"
"1046","18.0","73.6","125.4","177","910","20","124"
"1047","21.1","85.9","126.3","174","897","20","123"
"1048","24.2","98.4","126.7","172","892","20","123"
"1049","27.3","110.8","124.7","180","921","20","125"
"1050","30.4","123.2","125.7","176","906","20","125"
"1051","33.5","135.6","125.2","178","913","20","126"
"1052","36.1","145.6","125.2","178","913","20","126"
"1053","39.2","157.7","126.5","173","895","20","128"
"1054","42.3","170.1","126.6","172","893","20","129"
"1055","45.4","182.6","125.7","176","906","20","130"
"1056","48.4","194.8","126.4","173","896","20","131"
"1057","51.0","204.8","126.4","173","896","20","132"
"1058","54.1","217.2","125.6","177","907","20","134"
"1059","57.2","229.5","125.7","176","906","20","135"
"1060","60.3","242.0","125.5","177","909","20","135"
"1061","63.4","254.3","126.1","175","900","20","135"
"1062","66.4","266.6","126.5","173","895","20","135"
"1063","69.0","276.6","126.5","173","895","20","134"
"1064","72.1","288.9","126.0","175","902","20","134"
"1065","75.2","301.2","126.4","173","896","20","134"
"1066","78.3","313.6","125.7","176","906","20","134"
"1067","81.4","326.0","126.1","175","900","20","136"
"1068","84.5","338.5","125.1","179","915","20","139"
"1069","87.6","350.8","125.6","177","907","20","141"
"1070","90.7","363.2","125.5","177","909","20","142"
"1071","93.7","375.7","124.9","180","918","20","142"
"1072","96.3","385.8","124.9","180","918","20","141"
"1073","99.4","398.2","124.5","181","924","20","141"
"1074","102.5","410.7","124.5","181","924","19","141"
"1075","105.6","423.2","124.8","180","919","20","140"
"1076","108.7","435.7","124.1","183","930","20","141"
"1077","111.8","448.3","124.4","182","925","20","142"
"1078","114.3","458.4","124.4","182","925","20","141"
"1079","117.4","471.0","124.2","183","928","21","139"
"1080","120.5","483.4","124.3","182","927","20","139"
"1081","123.6","495.9","125.0","179","916","20","139"
"1082","126.7","508.5","124.1","183","930","20","141"
"1083","129.7","520.9","124.5","181","924","20","144"
"1084","132.8","533.2","125.4","177","910","19","144"
"1085","135.4","543.3","125.4","177","910","19","144"
"1086","138.5","555.8","124.6","181","922","20","144"
"1087","141.6","568.2","124.3","182","927","20","144"
"1088","144.7","580.8","124.3","182","927","21","142"
"1089","147.2","590.9","124.3","182","927","21","142"
"1090","150.3","603.3","125.6","177","907","20","141"
"1091","153.4","615.6","126.0","175","902","20","141"
"1092","156.5","628.1","124.7","180","921","20","141"
"1093","159.6","640.4","125.8","176","905","20","141"
"1094","162.1","650.5","125.8","176","905","20","140"
"1095","165.2","662.9","125.6","177","907","20","139"
"1096","168.3","675.3","125.3","178","912","20","141"
"1097","171.4","687.8","125.5","177","909","20","142"
"1098","174.5","700.3","125.0","179","916","20","142"
"1099","177.6","712.7","124.9","180","918","20","143"
"1100","180.2","722.8","124.9","180","918","20","143"
"1101","183.3","735.3","124.8","180","919","20","145"
"1102","186.4","747.8","124.4","182","925","20","146"
"1103","189.5","760.3","125.0","179","916","20","146"
"1104","192.5","772.9","124.0","184","931","20","145"
"1105","195.6","785.3","124.3","182","927","20","146"
"1106","198.2","795.5","124.3","182","927","20","146"
"1107","201.3","807.9","124.4","182","925","20","146"
"1108","204.4","820.4","124.5","181","924","20","145"
"1109","207.5","832.9","124.2","183","928","20","146"
"1110","210.5","845.3","125.2","178","913","20","145"
"1111","213.6","857.8","124.9","180","918","20","143"
"1112","216.7","870.2","124.5","181","924","20","142"
"1113","219.3","880.3","124.5","181","924","20","143"
"1114","222.3","892.6","124.5","181","924","20","143"
"1115","225.4","904.9","126.1","175","900","19","144"
"1116","228.5","917.5","125.4","177","910","20","144"
"1117","231.6","929.8","124.3","182","927","20","144"
"1118","234.7","942.2","124.9","180","918","20","144"
"1119","237.8","954.8","124.7","180","921","20","145"
"1120","240.8","967.2","124.2","183","928","20","146"
"1121","243.9","979.8","124.2","183","928","20","148"
"1122","247.0","992.3","123.9","184","933","20","149"
"1123","250.1","1004.8","123.8","184","934","20","148"
"1124","252.7","1014.9","123.8","184","934","20","147"
"1125","255.7","1027.4","123.9","184","933","20","147"
"1126","258.8","1039.9","123.5","186","939","20","146"
"1127","261.9","1052.3","124.0","184","931","20","147"
"1128","265.0","1064.8","124.7","180","921","19","146"
"1129","268.1","1077.2","124.5","181","924","19","147"
"1130","271.2","1089.6","124.6","181","922","20","148"
"1131","274.3","1102.2","124.7","180","921","20","148"
"1132","277.3","1114.5","123.6","185","937","20","148"
"1133","280.4","1127.1","124.6","181","922","19","148"
"1134","283.5","1139.6","124.3","182","927","20","147"
"1135","286.6","1152.0","123.8","184","934","20","147"
"1136","289.7","1164.4","124.8","180","919","20","147"
"1137","292.8","1176.7","125.8","176","905","20","146"
"1138","295.9","1189.0","125.9","175","903","20","146"
"1139","298.9","1201.3","125.6","177","907","19","146"
"1140","302.0","1213.6","126.1","175","900","20","147"
"1141","305.1","1225.9","125.4","177","910","20","147"
"1142","308.2","1238.3","125.9","175","903","19","145"
"1143","311.3","1250.5","126.0","175","902","19","145"
"1144","314.3","1262.9","126.0","175","902","19","146"
"1145","317.4","1275.2","125.4","177","910","19","146"
"1146","320.5","1287.6","124.9","180","918","20","146"
"1147","323.6","1300.1","124.3","182","927","20","146"
"1148","326.2","1310.2","124.3","182","927","20","146"
"1149","329.2","1322.6","124.3","182","927","20","145"
"1150","332.3","1335.0","125.1","179","915","20","144"
"1151","335.4","1347.4","125.1","179","915","20","145"
"1152","338.5","1359.8","125.4","177","910","20","145"
"1153","341.6","1372.3","124.9","180","918","20","146"
"1154","344.7","1384.6","125.3","178","912","20","146"
"1155","347.8","1397.1","125.0","179","916","20","146"
"1156","350.9","1409.5","124.5","181","924","20","147"
"1157","353.9","1421.9","124.7","180","921","19","147"
"1158","357.0","1434.4","124.3","182","927","20","147"
"1159","359.6","1444.6","124.3","182","927","20","148"
"1160","362.7","1456.9","124.1","183","930","20","148"
"1161","365.8","1469.2","125.8","176","905","20","147"
"1162","368.8","1481.6","125.7","176","906","20","145"
"1163","371.9","1493.8","125.7","176","906","20","145"
"1164","375.0","1506.1","126.0","175","902","19","146"
"1165","378.1","1518.5","125.3","178","912","20","147"
"1166","381.2","1530.8","125.5","177","909","20","146"
"1167","384.3","1543.2","126.2","174","899","20","145"
"1168","387.4","1555.7","125.3","178","912","20","144"
"1169","390.5","1568.2","124.5","181","924","20","145"
"1170","393.5","1580.5","124.8","180","919","20","146"
"1171","396.6","1592.9","125.6","177","907","20","147"
"1172","399.2","1602.9","125.6","177","907","20","148"
"1173","402.3","1615.3","125.1","179","915","20","148"
"1174","405.4","1627.8","125.5","177","909","20","147"
"1175","408.5","1640.1","124.2","183","928","20","148"
"1176","411.5","1652.5","125.2","178","913","19","148"
"1177","414.6","1664.9","124.9","180","918","19","149"
"1178","417.7","1677.2","125.2","178","913","20","149"
"1179","420.8","1689.5","125.4","177","910","19","148"
"1180","423.9","1701.9","125.2","178","913","19","147"
"1181","427.0","1714.2","125.0","179","916","20","146"
"1182","430.1","1726.6","126.8","172","890","20","145"
"1183","433.2","1739.0","126.1","175","900","20","147"
"1184","435.7","1748.9","126.1","175","900","20","147"
"1185","438.8","1761.4","126.5","173","895","20","148"
"1186","441.9","1773.8","126.2","174","899","20","148"
"1187","445.0","1786.3","125.1","179","915","21","147"
"1188","447.6","1796.4","125.1","179","915","21","147"
"1189","450.6","1808.8","125.6","177","907","20","148"
"1190","453.7","1821.2","124.6","181","922","20","149"
"1191","456.8","1833.5","125.8","176","905","20","149"
"1192","459.9","1846.0","125.9","175","903","20","148"
"1193","462.5","1856.0","125.9","175","903","20","147"
"1194","465.6","1868.4","125.5","177","909","20","148"
"1195","468.7","1880.7","125.8","176","905","20","148"
"1196","471.8","1893.0","126.2","174","899","20","148"
"1197","474.8","1905.3","126.5","173","895","20","147"
"1198","477.9","1917.6","126.1","175","900","20","146"
"1199","480.5","1927.6","126.1","175","900","20","145"
"1200","483.6","1939.8","125.9","175","903","20","145"
"1201","486.7","1952.0","127.4","169","882","20","145"
"1202","489.8","1964.5","126.8","172","890","20","145"
"1203","492.9","1976.8","125.8","176","905","20","143"
"1204","496.0","1989.2","125.7","176","906","20","142"
"1205","498.5","1999.2","125.7","176","906","20","142"
"1206","501.6","2011.5","126.5","173","895","20","140"
"1207","504.7","2023.8","126.8","172","890","20","141"
"1208","507.8","2036.2","127.1","170","886","20","141"
"1209","510.9","2048.5","125.6","177","907","20","142"
"1210","514.0","2060.9","125.8","176","905","20","143"
"1211","516.6","2070.9","125.8","176","905","20","144"
"1212","519.7","2083.2","125.4","177","910","20","144"
"1213","522.7","2095.5","125.7","176","906","20","145"
"1214","525.8","2107.8","126.8","172","890","20","145"
"1215","529.0","2120.2","126.2","174","899","20","147"
"1216","532.0","2132.6","126.1","175","900","20","147"
"1217","535.1","2144.9","125.7","176","906","20","146"
"1218","538.2","2157.1","126.3","174","897","20","146"
"1219","541.3","2169.5","125.5","177","909","20","147"
"1220","544.4","2181.9","125.4","177","910","20","147"
"1221","547.0","2191.8","125.4","177","910","20","147"
"1222","550.0","2204.2","126.8","172","890","20","148"
"1223","553.1","2216.5","125.6","177","907","20","148"
"1224","556.2","2228.8","126.2","174","899","20","146"
"1225","559.3","2241.1","125.7","176","906","20","147"
"1226","562.4","2253.4","125.4","177","910","20","148"
"1227","565.5","2265.7","127.0","171","888","19","147"
"1228","568.6","2278.0","126.2","174","899","20","147"
"1229","571.7","2290.4","126.0","175","902","19","146"
"1230","574.8","2302.7","125.9","175","903","20","146"
"1231","577.8","2315.0","126.1","175","900","20","146"
"1232","580.4","2325.0","126.1","175","900","20","147"
"1233","583.5","2337.4","126.4","173","896","20","147"
"1234","586.6","2350.0","125.1","179","915","20","148"
"1235","589.7","2362.5","125.0","179","916","20","149"
"1236","592.3","2372.6","125.0","179","916","20","149"
"1237","595.3","2384.9","125.1","179","915","20","150"
"1238","598.4","2397.2","125.5","177","909","20","150"
"1239","602.0","2411.8","126.7","172","892","19","150"
"1240","604.6","2421.7","126.7","172","892","19","149"
"1241","607.7","2433.9","126.2","174","899","20","148"
"1242","610.8","2446.2","126.9","171","889","20","147"
"1243","613.9","2458.5","125.9","175","903","20","147"
"1244","616.9","2470.8","126.4","173","896","20","148"
"1245","620.0","2483.2","126.0","175","902","20","147"
"1246","623.1","2495.6","125.6","177","907","20","146"
"1247","626.2","2507.9","126.2","174","899","20","146"
"1248","628.8","2517.9","126.2","174","899","20","146"
"1249","631.8","2530.2","126.3","174","897","20","146"
"1250","634.9","2542.4","126.2","174","899","20","144"
"1251","638.0","2554.7","126.4","173","896","20","143"
"1252","641.1","2566.9","126.8","172","890","20","143"
"1253","644.2","2579.2","126.8","172","890","20","143"
"1254","647.3","2591.5","125.6","177","907","20","145"
"1255","650.3","2603.9","125.9","175","903","20","147"
"1256","652.9","2613.8","125.9","175","903","20","147"
"1257","656.0","2626.2","125.8","176","905","20","146"
"1258","659.1","2638.5","125.8","176","905","19","147"
"1259","662.2","2650.8","126.3","174","897","20","147"
"1260","665.3","2663.2","125.7","176","906","20","148"
"1261","668.4","2675.7","125.1","179","915","20","148"
"1262","671.5","2688.2","125.4","177","910","20","147"
"1263","674.5","2700.4","125.8","176","905","20","146"
"1264","677.6","2712.7","126.1","175","900","20","146"
"1265","680.7","2725.0","126.4","173","896","20","145"
"1266","683.3","2734.9","126.4","173","896","20","145"
"1267","686.4","2747.1","126.5","173","895","20","145"
"1268","689.4","2759.6","126.3","174","897","20","146"
"1269","692.5","2771.9","125.3","178","912","20","147"
"1270","695.6","2784.2","126.0","175","902","20","147"
"1271","698.7","2796.7","126.4","173","896","20","147"
"1272","701.8","2809.0","125.8","176","905","20","148"
"1273","704.4","2819.1","125.8","176","905","20","148"
"1274","707.5","2831.5","125.3","178","912","20","148"
"1275","710.6","2843.8","125.5","177","909","20","147"
"1276","713.6","2856.0","125.6","177","907","20","147"
"1277","716.7","2868.3","126.8","172","890","19","146"
"1278","719.8","2880.7","126.8","172","890","20","144"
"1279","722.9","2893.1","125.6","177","907","20","142"
"1280","726.0","2905.4","126.0","175","902","20","143"
"1281","729.1","2917.7","126.7","172","892","20","145"
"1282","732.2","2929.9","127.0","171","888","19","147"
"1283","735.3","2942.2","126.5","173","895","20","148"
"1284","737.8","2952.2","126.5","173","895","20","148"
"1285","740.9","2964.3","125.9","175","903","20","147"
"1286","744.0","2976.6","126.9","171","889","20","147"
"1287","747.1","2988.9","126.4","173","896","19","147"
"1288","750.2","3001.1","126.5","173","895","20","147"
"1289","753.3","3013.6","125.8","176","905","20","147"
"1290","756.4","3025.9","124.8","180","919","20","147"
"1291","759.4","3038.1","125.7","176","906","19","146"
"1292","762.5","3050.3","127.1","170","886","19","144"
"1293","765.6","3062.6","126.5","173","895","20","146"
"1294","768.7","3074.8","126.0","175","902","20","149"
"1295","771.8","3086.9","126.7","172","892","20","149"
"1296","774.9","3099.3","127.4","169","882","19","149"
"1297","778.0","3111.6","125.8","176","905","20","147"
"1298","781.0","3124.0","125.1","179","915","20","146"
"1299","784.1","3136.4","125.6","177","907","19","145"
"1300","787.2","3149.0","125.2","178","913","20","145"
"1301","790.3","3161.3","125.7","176","906","20","145"
"1302","793.4","3173.6","126.1","175","900","19","143"
"1303","796.5","3185.8","126.7","172","892","20","142"
"1304","799.6","3198.0","126.8","172","890","20","142"
"1305","802.7","3210.4","126.0","175","902","20","142"
"1306","805.2","3220.4","126.0","175","902","20","141"
"1307","808.3","3232.7","126.0","175","902","20","144"
"1308","811.4","3244.9","126.2","174","899","20","145"
"1309","814.5","3257.2","126.1","175","900","20","146"
"1310","817.6","3269.4","126.8","172","890","20","146"
"1311","820.7","3281.7","126.4","173","896","20","146"
"1312","823.8","3293.9","126.6","172","893","19","146"
"1313","826.8","3306.2","126.5","173","895","19","146"
"1314","829.9","3318.3","126.4","173","896","20","146"
"1315","833.0","3330.6","127.7","168","878","19","145"
"1316","836.1","3342.9","126.5","173","895","20","145"
"1317","839.2","3355.3","125.4","177","910","19","145"
"1318","842.3","3367.7","125.8","176","905","19","145"
"1319","845.4","3380.1","125.8","176","905","20","147"
"1320","848.5","3392.4","126.3","174","897","20","146"
"1321","851.5","3404.6","126.2","174","899","20","146"
"1322","854.1","3414.7","126.2","174","899","20","146"
"1323","857.2","3427.1","126.3","174","897","20","147"
"1324","860.3","3439.5","125.9","175","903","20","147"
"1325","863.4","3451.8","126.0","175","902","20","147"
"1326","865.9","3461.9","126.0","175","902","20","146"
"1327","869.0","3474.4","124.7","180","921","21","148"
"1328","872.1","3486.8","125.3","178","912","21","148"
"1329","874.7","3496.9","125.3","178","912","21","147"
"1330","877.8","3509.3","125.3","178","912","21","144"
"1331","880.9","3521.7","125.6","177","907","20","144"
"1332","883.9","3534.1","125.8","176","905","20","145"
"1333","886.5","3544.2","125.8","176","905","20","147"
"1334","889.6","3556.4","125.9","175","903","20","148"
"1335","892.7","3569.0","125.7","176","906","20","148"
"1336","895.8","3581.5","124.2","183","928","21","148"
"1337","898.8","3593.9","124.4","182","925","20","150"
"1338","901.9","3606.3","125.3","178","912","20","150"
"1339","905.0","3618.7","125.0","179","916","20","150"
"1340","907.6","3628.9","125.0","179","916","20","150"
"1341","910.7","3641.1","124.7","180","921","20","150"
"1342","913.8","3653.4","126.2","174","899","19","148"
"1343","916.8","3665.7","125.8","176","905","20","148"
"1344","919.9","3678.1","125.2","178","913","20","149"
"1345","923.0","3690.5","125.3","178","912","20","147"
"1346","926.1","3702.8","125.6","177","907","20","147"
"1347","929.1","3715.1","125.9","175","903","20","145"
"1348","932.2","3727.4","126.1","175","900","20","144"
"1349","934.8","3737.4","126.1","175","900","20","145"
"1350","937.9","3749.6","125.9","175","903","20","145"
"1351","941.0","3761.8","126.5","173","895","19","145"
"1352","944.0","3774.0","127.3","170","883","20","144"
"1353","947.1","3786.4","126.6","172","893","20","144"
"1354","950.2","3798.7","125.8","176","905","20","144"
"1355","953.3","3810.9","126.5","173","895","19","145"
"1356","956.4","3823.5","126.3","174","897","20","148"
"1357","959.5","3835.8","126.1","175","900","20","148"
"1358","962.0","3845.8","126.1","175","900","20","147"
"1359","965.1","3858.2","125.9","175","903","20","146"
"1360","968.2","3870.7","125.2","178","913","20","147"
"1361","971.3","3883.1","124.7","180","921","20","147"
"1362","974.4","3895.5","125.9","175","903","20","147"
"1363","977.5","3907.9","125.5","177","909","20","147"
"1364","980.1","3917.9","125.5","177","909","20","147"
"1365","983.1","3930.2","125.5","177","909","20","147"
"1366","986.2","3942.7","125.6","177","907","20","146"
"1367","989.3","3955.2","124.6","181","922","20","146"
"1368","992.4","3967.6","125.3","178","912","20","145"
"1369","995.0","3977.6","125.3","178","912","20","145"
"1370","998.1","3990.1","125.6","177","907","20","145"
"1371","1001.2","4002.4","125.2","178","913","20","145"
"1372","1004.3","4014.8","125.1","179","915","20","146"
"1373","1007.3","4027.3","125.8","176","905","20","145"
"1374","1010.4","4039.6","124.2","183","928","20","145"
"1375","1013.5","4051.8","125.7","176","906","20","146"
"1376","1016.6","4064.2","126.1","175","900","20","146"
"1377","1019.7","4076.6","125.7","176","906","19","147"
